Lat,Lng,Depth,Mag,Sig,Place,Time,Month,Day,Year,Country
43.53,146.753,44.0,7.0,754,Kuril Islands,1980-02-23 05:51:03.200,2,23,1980,RU
-12.41,166.38099999999997,33.0,7.5,865,Santa Cruz Islands,1980-07-08 23:19:19.800,7,8,1980,SB
-12.525,165.916,33.0,7.9,960,Santa Cruz Islands,1980-07-17 19:42:23.200,7,17,1980,SB
36.195,1.354,10.0,7.3,820,northern Algeria,1980-10-10 12:25:23.500,10,10,1980,DZ
-21.89,169.85299999999995,33.0,7.2,798,southeast of the Loyalty Islands,1980-10-25 11:00:05.100,10,25,1980,NC
41.117,-124.253,19.0,7.2,798,offshore Northern California,1980-11-08 10:27:34.000,11,8,1980,US
51.744,176.274,33.0,7.0,754,"Rat Islands, Aleutian Islands, Alaska",1981-01-30 08:52:44.100,1,30,1981,RU
-48.786,164.357,33.0,7.6,889,off the west coast of the South Island of New Zealand,1981-05-25 05:25:14.460,5,25,1981,NZ
-22.293000000000006,171.74200000000005,33.0,7.0,754,southeast of the Loyalty Islands,1981-07-06 03:08:24.180,7,6,1981,VU
-17.26,167.601,30.0,7.0,754,Vanuatu,1981-07-15 07:59:08.470,7,15,1981,VU
30.013,57.794,33.0,7.1,776,eastern Iran,1981-07-28 17:22:24.620,7,28,1981,IR
-14.96,-173.085,25.0,7.7,912,Samoa Islands region,1981-09-01 09:29:31.540,9,1,1981,TO
-33.134,-73.074,33.0,7.2,798,"off the coast of Valparaiso, Chile",1981-10-16 03:25:42.220,10,16,1981,CL
18.048,-102.084,33.0,7.3,820,"Guerrero, Mexico",1981-10-25 03:22:15.570,10,25,1981,MX
39.243,25.227,10.0,7.2,798,Aegean Sea,1981-12-19 14:10:50.720,12,19,1981,GR
-29.934,-177.741,33.0,7.1,776,"Kermadec Islands, New Zealand",1981-12-26 17:05:32.520,12,26,1981,TO
13.752,124.358,45.7,7.1,776,"Catanduanes, Philippines",1982-01-11 06:10:06.490,1,11,1982,PH
16.558,-98.358,33.8,7.0,754,"Guerrero, Mexico",1982-06-07 10:59:40.160,6,7,1982,MX
13.332,-89.387,73.0,7.3,820,offshore El Salvador,1982-06-19 06:21:58.000,6,19,1982,SV
27.929,136.967,536.0,7.1,776,"west of the Bonin Islands, Japan",1982-07-04 01:20:06.800,7,4,1982,JP
-51.225,160.513,10.0,7.0,754,north of Macquarie Island,1982-07-07 10:43:03.740,7,7,1982,NZ
36.194,141.702,36.6,7.1,776,"near the east coast of Honshu, Japan",1982-07-23 14:23:53.570,7,23,1982,JP
-12.597,165.93099999999995,30.7,7.0,754,Santa Cruz Islands,1982-08-05 20:32:52.950,8,5,1982,SB
-24.133000000000006,-175.864,33.0,7.2,798,south of Tonga,1982-12-19 17:43:54.850,12,19,1982,TO
38.026,20.228,14.3,7.0,754,Greece,1983-01-17 12:41:29.700,1,17,1983,GR
-30.383000000000006,-179.33900000000003,238.0,7.0,754,Kermadec Islands region,1983-01-26 16:02:21.350,1,26,1983,TO
-4.883,153.58100000000005,88.8,7.6,889,"New Ireland region, Papua New Guinea",1983-03-18 09:05:50.000,3,18,1983,PG
8.717,-83.12299999999998,37.0,7.1,776,Costa Rica,1983-04-03 02:50:01.180,4,3,1983,CR
-4.843,-78.10300000000002,104.2,7.0,754,Peru-Ecuador border region,1983-04-12 12:07:54.520,4,12,1983,PE
27.793000000000006,62.054,64.0,7.0,754,Iran-Pakistan border region,1983-04-18 10:58:51.260,4,18,1983,IR
40.462,139.102,23.7,7.4,842,"near the west coast of Honshu, Japan",1983-05-26 02:59:59.600,5,26,1983,JP
55.867,161.287,62.6,7.1,776,"near the east coast of the Kamchatka Peninsula, Russia",1983-08-17 10:55:54.130,8,17,1983,RU
-26.535,-70.563,14.8,7.4,842,"Atacama, Chile",1983-10-04 18:52:13.300,10,4,1983,CL
-60.665,-25.451,24.0,7.2,798,South Sandwich Islands region,1983-10-22 04:21:35.010,10,22,1983,GS
-7.481,128.168,178.5,7.3,820,"Kepulauan Barat Daya, Indonesia",1983-11-24 05:30:34.230,11,24,1983,TL
-6.852,72.11,10.0,7.3,820,Chagos Archipelago region,1983-11-30 17:46:00.670,11,30,1983,MV
14.066,-91.924,67.1,7.0,754,offshore Guatemala,1983-12-02 03:09:05.660,12,2,1983,GT
36.372,70.738,214.5,7.4,842,"Hindu Kush region, Afghanistan",1983-12-30 23:52:39.930,12,30,1983,AF
33.683,136.894,368.1,7.2,798,"near the south coast of western Honshu, Japan",1984-01-01 09:03:38.850,1,1,1984,JP
-2.823,118.806,33.0,7.0,754,"Sulawesi, Indonesia",1984-01-08 15:24:13.560,1,8,1984,ID
-10.012,160.469,18.1,7.6,889,Solomon Islands,1984-02-07 21:33:21.490,2,7,1984,SB
8.147,123.762,649.1,7.3,820,"Mindanao, Philippines",1984-03-05 03:33:50.990,3,5,1984,PH
29.384,138.935,457.4,7.4,842,"Izu Islands, Japan region",1984-03-06 02:17:21.260,3,6,1984,JP
40.32,63.35,14.5,7.0,754,western Uzbekistan,1984-03-19 20:28:38.240,3,19,1984,UZ
44.117,148.192,44.4,7.2,798,Kuril Islands,1984-03-24 09:44:02.600,3,24,1984,JP
-4.843,151.577,174.4,7.1,776,"New Britain region, Papua New Guinea",1984-05-30 07:49:43.660,5,30,1984,PG
-0.086,122.517,242.3,7.4,842,"Sulawesi, Indonesia",1984-08-06 12:01:52.400,8,6,1984,ID
-15.86,-173.643,128.4,7.2,798,Tonga,1984-10-15 10:21:07.500,10,15,1984,TO
8.185,-38.794,10.0,7.1,776,central Mid-Atlantic Ridge,1984-11-01 04:48:50.270,11,1,1984,BR
-22.022,170.95,104.7,7.1,776,southeast of the Loyalty Islands,1984-11-15 02:46:19.880,11,15,1984,VU
0.197,98.027,33.0,7.1,776,"Nias region, Indonesia",1984-11-17 06:49:30.020,11,17,1984,ID
5.167000000000002,125.124,202.2,7.5,865,"Mindanao, Philippines",1984-11-20 08:15:16.230,11,20,1984,PH
-33.135,-71.87100000000002,33.0,8.0,985,"offshore Valparaiso, Chile",1985-03-03 22:47:07.280,3,3,1985,CL
-33.207,-71.663,33.0,7.4,842,"Valparaiso, Chile",1985-03-04 00:32:21.870,3,4,1985,CL
-34.131,-71.618,37.8,7.2,798,"Libertador General Bernardo O'Higgins, Chile",1985-04-09 01:56:59.480,4,9,1985,CL
1.622,126.411,50.7,7.0,754,Molucca Sea,1985-04-13 03:00:06.780,4,13,1985,ID
15.344,120.61,188.4,7.0,754,"Luzon, Philippines",1985-04-23 16:15:12.020,4,23,1985,PH
-5.599,151.045,26.7,7.2,798,"New Britain region, Papua New Guinea",1985-05-10 15:35:50.590,5,10,1985,PG
-4.439,152.828,33.0,7.3,820,"New Britain region, Papua New Guinea",1985-07-03 04:36:51.730,7,3,1985,PG
36.19,70.896,98.7,7.4,842,"Hindu Kush region, Afghanistan",1985-07-29 07:54:44.070,7,29,1985,AF
39.431,75.22399999999998,6.8,7.0,754,"southern Xinjiang, China",1985-08-23 12:41:56.160,8,23,1985,CN
18.19,-102.533,27.9,8.0,985,"Michoacan, Mexico",1985-09-19 13:17:47.350,9,19,1985,MX
17.802,-101.647,30.8,7.6,889,"Guerrero, Mexico",1985-09-21 01:37:13.470,9,21,1985,MX
-1.639,134.911,10.0,7.1,776,"near the north coast of Papua, Indonesia",1985-11-17 09:40:21.290,11,17,1985,ID
-14.043,166.24,33.0,7.0,754,Vanuatu,1985-11-28 02:25:42.340,11,28,1985,VU
-13.987,166.185,33.0,7.0,754,Vanuatu,1985-11-28 03:49:54.150,11,28,1985,VU
-13.966,166.516,43.0,7.1,776,Vanuatu,1985-12-21 01:13:22.410,12,21,1985,VU
-21.277,170.102,150.0,7.1,776,southeast of the Loyalty Islands,1986-01-15 20:17:42.710,1,15,1986,VU
18.404,-102.973,26.5,7.0,754,"Michoacan, Mexico",1986-04-30 07:07:18.120,4,30,1986,MX
51.52,-174.77599999999995,33.0,8.0,985,"Andreanof Islands, Aleutian Islands, Alaska",1986-05-07 22:47:10.870,5,7,1986,US
-20.19,178.86,538.3,7.1,776,south of the Fiji Islands,1986-05-26 19:06:15.990,5,26,1986,FJ
-22.037,-178.925,547.0,7.1,776,south of the Fiji Islands,1986-06-16 10:48:25.780,6,16,1986,TO
-4.448,143.94299999999996,102.3,7.2,798,"New Guinea, Papua New Guinea",1986-06-24 03:11:30.930,6,24,1986,PG
1.795,126.519,33.0,7.5,865,Molucca Sea,1986-08-14 19:39:13.670,8,14,1986,ID
45.547,26.316,132.3,7.2,798,Romania,1986-08-30 21:28:35.450,8,30,1986,RO
-28.117,-176.36700000000005,29.1,7.7,912,Kermadec Islands region,1986-10-20 06:46:09.980,10,20,1986,TO
-21.702,-176.616,188.1,7.2,798,Fiji region,1986-10-30 01:28:54.590,10,30,1986,TO
23.901,121.574,33.8,7.4,842,Taiwan,1986-11-14 21:20:10.550,11,14,1986,TW
-60.063,-26.916,47.6,7.0,754,South Sandwich Islands region,1987-01-30 22:29:42.090,1,30,1987,GS
-6.087999999999999,147.689,54.9,7.4,842,"eastern New Guinea region, Papua New Guinea",1987-02-08 18:33:58.390,2,8,1987,PG
-24.388,-70.161,62.3,7.6,889,"Antofagasta, Chile",1987-03-05 09:17:05.280,3,5,1987,CL
-24.495,-70.70100000000002,34.8,7.0,754,"near the coast of Antofagasta, Chile",1987-03-05 10:55:12.350,3,5,1987,CL
0.151,-77.821,10.0,7.2,798,Colombia-Ecuador border region,1987-03-06 04:10:41.960,3,6,1987,EC
-22.767,-66.205,248.7,7.0,754,"Jujuy, Argentina",1987-04-01 01:48:08.520,4,1,1987,AR
-5.577000000000001,130.791,67.3,7.1,776,Banda Sea,1987-06-17 01:32:53.720,6,17,1987,ID
-19.022,-69.991,69.7,7.2,798,"Tarapaca, Chile",1987-08-08 15:48:56.750,8,8,1987,CL
-58.893,158.513,33.0,7.4,842,Macquarie Island region,1987-09-03 06:40:13.910,9,3,1987,NZ
-17.94,-172.225,16.0,7.3,820,Tonga region,1987-10-06 04:19:06.080,10,6,1987,TO
-7.2879999999999985,154.371,24.7,7.0,754,"Bougainville region, Papua New Guinea",1987-10-12 13:57:04.790,10,12,1987,PG
-6.266,149.06,47.8,7.4,842,"New Britain region, Papua New Guinea",1987-10-16 20:48:01.640,10,16,1987,PG
58.679,-142.786,10.0,7.9,960,Gulf of Alaska,1987-11-30 19:23:19.590,11,30,1987,US
-24.71,-70.568,33.0,7.0,754,"Antofagasta, Chile",1988-01-19 07:30:31.860,1,19,1988,CL
-24.753,-70.433,36.9,7.2,798,"Antofagasta, Chile",1988-02-05 14:01:02.750,2,5,1988,CL
13.477,124.616,24.9,7.3,820,"Catanduanes, Philippines",1988-02-24 03:52:03.290,2,24,1988,PH
56.953,-143.032,10.0,7.8,936,Gulf of Alaska,1988-03-06 22:35:38.140,3,6,1988,US
-17.192,-72.305,33.1,7.1,776,near the coast of southern Peru,1988-04-12 23:19:55.570,4,12,1988,PE
-6.526,152.779,16.6,7.0,754,"New Britain region, Papua New Guinea",1988-07-23 15:17:08.180,7,23,1988,PG
-6.081,133.667,27.7,7.0,754,"Kepulauan Aru region, Indonesia",1988-07-25 06:46:06.690,7,25,1988,ID
25.149,95.127,90.5,7.3,820,Myanmar,1988-08-06 00:36:24.650,8,6,1988,IN
-10.366,160.819,34.0,7.6,889,Solomon Islands,1988-08-10 04:38:26.170,8,10,1988,SB
-18.771,-172.415,35.2,7.1,776,Tonga region,1988-10-08 04:46:24.530,10,8,1988,TO
22.789,99.611,17.8,7.7,912,Myanmar-China border region,1988-11-06 13:03:19.340,11,6,1988,CN
2.305,126.76,44.0,7.1,776,Molucca Sea,1989-02-10 11:15:24.680,2,10,1989,ID
-8.281,-71.381,593.4,7.1,776,"Acre, Brazil",1989-05-05 18:28:39.450,5,5,1989,BR
-30.523000000000003,-178.41400000000004,43.8,7.0,754,"Kermadec Islands, New Zealand",1989-05-14 00:59:50.450,5,14,1989,TO
-52.341,160.56799999999996,10.0,8.02,990,Macquarie Island region,1989-05-23 10:54:46.320,5,23,1989,NZ
55.3217,-156.4293,11.0,7.0,754,"164 km SE of Chignik, Alaska",1989-09-04 13:14:58.520,9,4,1989,US
39.837,142.76,28.6,7.4,842,"near the east coast of Honshu, Japan",1989-11-01 18:25:34.940,11,1,1989,JP
-6.436,146.38299999999995,104.4,7.1,776,"eastern New Guinea region, Papua New Guinea",1989-12-07 13:38:44.850,12,7,1989,PG
8.337,126.729,24.4,7.6,889,"Mindanao, Philippines",1989-12-15 18:43:45.030,12,15,1989,PH
-22.122,175.16299999999995,33.2,7.6,889,south of the Fiji Islands,1990-03-03 12:16:27.960,3,3,1990,FJ
-18.318,168.063,20.7,7.1,776,Vanuatu,1990-03-05 16:38:12.570,3,5,1990,VU
9.919,-84.80799999999998,22.2,7.3,820,Costa Rica,1990-03-25 13:22:55.600,3,25,1990,CR
15.125,147.596,11.4,7.6,889,Mariana Islands region,1990-04-05 21:12:35.550,4,5,1990,MP
1.186,122.857,25.7,7.8,936,"Minahasa, Sulawesi, Indonesia",1990-04-18 13:39:19.010,4,18,1990,ID
49.037,141.847,605.7,7.2,798,"Tatar Strait, Russia",1990-05-12 04:50:08.710,5,12,1990,RU
5.121,32.145,14.9,7.2,798,Sudan,1990-05-20 02:22:01.620,5,20,1990,SS
5.358,31.848000000000006,16.0,7.1,776,Sudan,1990-05-24 20:00:08.190,5,24,1990,SS
-7.362999999999999,120.363,588.9,7.1,776,Flores Sea,1990-05-24 20:09:23.240,5,24,1990,ID
45.841,26.668000000000006,89.3,7.0,754,Romania,1990-05-30 10:40:06.140,5,30,1990,RO
11.76,121.899,18.1,7.1,776,"Panay, Philippines",1990-06-14 07:40:56.210,6,14,1990,PH
36.957,49.409,18.5,7.4,842,northern Iran,1990-06-20 21:00:09.980,6,20,1990,IR
15.679,121.172,25.1,7.7,912,"Luzon, Philippines",1990-07-16 07:26:34.610,7,16,1990,PH
-15.355,167.46400000000003,125.7,7.2,798,Vanuatu,1990-07-27 12:37:59.550,7,27,1990,VU
-19.435,169.132,140.4,7.1,776,Vanuatu,1990-08-12 21:25:21.950,8,12,1990,VU
-10.97,-70.77600000000002,598.8,7.0,754,Peru-Brazil border region,1990-10-17 14:30:13.160,10,17,1990,PE
53.452,169.87099999999995,24.8,7.1,776,"Komandorskiye Ostrova, Russia region",1990-11-06 20:14:29.740,11,6,1990,RU
-5.097,150.967,178.6,7.5,865,"New Britain region, Papua New Guinea",1990-12-30 19:14:18.930,12,30,1990,PG
23.613000000000003,95.901,19.7,7.0,754,Myanmar,1991-01-05 14:57:11.590,1,5,1991,MM
8.87,126.48,23.9,7.0,754,"Mindanao, Philippines",1991-02-18 02:37:25.120,2,18,1991,PH
-5.982,-77.094,19.8,7.1,776,northern Peru,1991-04-05 04:19:49.520,4,5,1991,PE
9.685,-83.073,10.0,7.6,889,Costa Rica,1991-04-22 21:56:51.820,4,22,1991,CR
42.453,43.673,17.2,7.0,754,Georgia (Sak'art'velo),1991-04-29 09:12:48.100,4,29,1991,GE
1.156,122.957,33.0,7.0,754,"Minahasa, Sulawesi, Indonesia",1991-05-19 00:58:01.730,5,19,1991,ID
54.567,-161.606,28.4,7.0,754,Alaska Peninsula,1991-05-30 13:17:41.970,5,30,1991,US
-20.252,-176.218,265.5,7.0,754,Fiji region,1991-06-09 07:45:02.130,6,9,1991,TO
1.196,122.787,31.4,7.5,865,"Minahasa, Sulawesi, Indonesia",1991-06-20 05:18:52.510,6,20,1991,ID
-26.802,-63.349,558.0,7.3,820,"Santiago Del Estero, Argentina",1991-06-23 21:22:28.940,6,23,1991,AR
-13.108,-72.187,104.5,7.0,754,central Peru,1991-07-06 12:19:49.560,7,6,1991,PE
41.679,-125.856,1.3030000000000002,7.0,754,"136km WSW of Brookings, Oregon",1991-08-17 22:17:09.970,8,17,1991,US
-20.878,-178.59099999999995,566.4,7.0,754,Fiji region,1991-09-30 00:21:46.410,9,30,1991,TO
-9.094,158.442,23.4,7.2,798,Solomon Islands,1991-10-14 15:58:12.790,10,14,1991,SB
4.5539999999999985,-77.442,21.3,7.2,798,near the west coast of Colombia,1991-11-19 22:28:51.090,11,19,1991,CO
45.533,151.02100000000004,24.7,7.6,889,Kuril Islands,1991-12-22 08:43:13.410,12,22,1991,JP
-56.032,-25.266,10.0,7.2,798,South Sandwich Islands region,1991-12-27 04:05:58.240,12,27,1991,GS
40.3353333,-124.22866670000002,9.856,7.2,895,"20km SSW of Rio Dell, California",1992-04-25 18:06:05.180,4,25,1992,US
-6.075,147.572,58.0,7.2,798,"eastern New Guinea region, Papua New Guinea",1992-05-15 07:05:05.340,5,15,1992,PG
7.239,126.645,32.8,7.1,776,"Mindanao, Philippines",1992-05-17 09:49:19.110,5,17,1992,PH
7.191,126.762,33.0,7.3,820,"Mindanao, Philippines",1992-05-17 10:15:31.310,5,17,1992,PH
-11.122,165.239,18.8,7.0,754,Santa Cruz Islands,1992-05-27 05:13:38.810,5,27,1992,SB
34.2,-116.437,-0.097,7.3,1443,"Landers, California Earthquake",1992-06-28 11:57:34.130,6,28,1992,US
-22.483,-178.41299999999995,377.2,7.2,798,south of the Fiji Islands,1992-07-11 10:44:19.760,7,11,1992,TO
42.142,73.575,27.4,7.3,820,Kyrgyzstan,1992-08-19 02:04:37.410,8,19,1992,KG
11.742,-87.34,44.8,7.7,912,near the coast of Nicaragua,1992-09-02 00:16:01.690,9,2,1992,NI
-19.247,168.94799999999995,129.0,7.4,842,Vanuatu,1992-10-11 19:24:26.290,10,11,1992,VU
7.075,-76.862,10.0,7.2,798,northern Colombia,1992-10-18 15:11:59.110,10,18,1992,CO
-8.48,121.896,27.7,7.8,936,"Flores region, Indonesia",1992-12-12 05:29:26.350,12,12,1992,ID
-6.582000000000002,130.393,77.7,7.3,820,Banda Sea,1992-12-20 20:52:47.280,12,20,1992,ID
43.3,143.691,102.2,7.6,889,"Hokkaido, Japan region",1993-01-15 11:06:05.950,1,15,1993,JP
-10.972,164.18099999999995,20.4,7.1,776,Santa Cruz Islands region,1993-03-06 03:05:49.870,3,6,1993,SB
7.2189999999999985,126.57,58.7,7.0,754,"Mindanao, Philippines",1993-05-11 18:26:51.320,5,11,1993,PH
-22.671,-66.543,221.0,7.0,754,"Jujuy, Argentina",1993-05-24 23:51:28.240,5,24,1993,AR
51.218,157.829,70.6,7.5,865,"near the east coast of the Kamchatka Peninsula, Russia",1993-06-08 13:03:36.480,6,8,1993,RU
42.851000000000006,139.197,16.7,7.7,912,"Hokkaido, Japan region",1993-07-12 13:17:11.960,7,12,1993,JP
12.982,144.80100000000004,59.3,7.8,946,Guam region,1993-08-08 08:34:24.930,8,8,1993,GU
36.379,70.868,214.5,7.0,754,"Hindu Kush region, Afghanistan",1993-08-09 12:42:48.190,8,9,1993,AF
-45.277,166.92700000000005,28.1,7.0,754,off the west coast of the South Island of New Zealand,1993-08-10 00:51:53.250,8,10,1993,NZ
14.717,-92.645,34.1,7.2,798,"offshore Chiapas, Mexico",1993-09-10 19:12:54.620,9,10,1993,MX
51.934,158.64700000000005,34.0,7.0,754,"near the east coast of the Kamchatka Peninsula, Russia",1993-11-13 01:18:04.180,11,13,1993,RU
-20.23,169.78900000000004,33.0,7.0,754,Vanuatu,1993-12-29 07:48:14.200,12,29,1993,VU
1.015,127.733,19.9,7.0,754,"Halmahera, Indonesia",1994-01-21 02:24:29.960,1,21,1994,ID
-20.553,169.361,27.7,7.0,754,Vanuatu,1994-02-12 17:58:23.990,2,12,1994,VU
-18.039,-178.41299999999995,562.5,7.6,889,Fiji region,1994-03-09 23:28:06.780,3,9,1994,WF
-1.278,-23.569000000000006,10.0,7.0,754,central Mid-Atlantic Ridge,1994-03-14 04:30:15.750,3,14,1994,BR
-10.477,112.835,18.4,7.8,936,"south of Java, Indonesia",1994-06-02 18:17:34.020,6,2,1994,ID
-13.841,-67.553,631.3,8.2,1034,"La Paz, Bolivia",1994-06-09 00:33:16.230,6,9,1994,BO
-16.62,167.518,33.0,7.2,798,Vanuatu,1994-07-13 02:35:56.020,7,13,1994,VU
42.34,132.865,471.4,7.3,820,"Primor'ye, Russia",1994-07-21 18:36:31.740,7,21,1994,RU
40.4055,-126.3028333,4.972,7.0,754,off the coast of Northern California,1994-09-01 15:15:48.310,9,1,1994,US
43.773,147.321,14.0,8.3,1060,Kuril Islands,1994-10-04 13:22:55.840,10,4,1994,RU
43.905,147.916,33.0,7.3,820,Kuril Islands,1994-10-09 07:55:39.580,10,9,1994,RU
13.525,121.067,31.5,7.1,776,"Mindoro, Philippines",1994-11-14 19:15:30.660,11,14,1994,PH
40.525,143.41899999999995,26.5,7.8,936,"off the east coast of Honshu, Japan",1994-12-28 12:19:23.030,12,28,1994,JP
40.246,142.175,26.9,7.0,754,"near the east coast of Honshu, Japan",1995-01-06 22:37:34.320,1,6,1995,JP
-37.759,178.752,21.1,7.1,776,off the east coast of the North Island of New Zealand,1995-02-05 22:51:05.140,2,5,1995,NZ
-15.199000000000002,-173.52900000000002,21.2,7.4,842,Tonga,1995-04-07 22:06:56.890,4,7,1995,TO
12.059,125.58,20.7,7.2,798,"Samar, Philippines",1995-04-21 00:34:46.090,4,21,1995,PH
12.626,125.297,16.0,7.1,776,"Samar, Philippines",1995-05-05 03:53:45.050,5,5,1995,PH
-23.008000000000006,169.9,20.2,7.7,912,southeast of the Loyalty Islands,1995-05-16 20:12:44.220,5,16,1995,NC
52.629,142.827,11.0,7.1,776,"Sakhalin, Russia",1995-05-27 13:03:52.650,5,27,1995,RU
-29.211,-177.58900000000003,35.3,7.2,798,"Kermadec Islands, New Zealand",1995-07-03 19:50:50.620,7,3,1995,TO
-23.34,-70.294,45.6,8.0,985,"Antofagasta, Chile",1995-07-30 05:11:23.630,7,30,1995,CL
-5.799,154.178,30.1,7.7,912,"Bougainville region, Papua New Guinea",1995-08-16 10:27:28.630,8,16,1995,PG
-5.771,154.347,33.0,7.2,798,"Bougainville region, Papua New Guinea",1995-08-16 23:10:23.980,8,16,1995,PG
18.856,145.218,594.9,7.1,776,"Pagan region, Northern Mariana Islands",1995-08-23 07:06:02.760,8,23,1995,MP
16.779,-98.597,23.0,7.4,842,"Guerrero, Mexico",1995-09-14 14:04:31.430,9,14,1995,MX
-2.75,-77.881,24.4,7.0,754,Peru-Ecuador border region,1995-10-03 01:51:23.900,10,3,1995,EC
19.055,-104.205,33.0,8.0,985,"Colima, Mexico",1995-10-09 15:35:53.910,10,9,1995,MX
27.929,130.175,28.4,7.1,776,"Ryukyu Islands, Japan",1995-10-18 10:37:26.380,10,18,1995,JP
16.84,-93.469,159.3,7.2,798,"Chiapas, Mexico",1995-10-21 02:38:57.120,10,21,1995,MX
28.826,34.799,10.0,7.2,798,Egypt,1995-11-22 04:15:11.940,11,22,1995,EG
44.663,149.3,33.0,7.9,960,Kuril Islands,1995-12-03 18:01:08.990,12,3,1995,JP
-6.903,129.151,141.9,7.1,776,Banda Sea,1995-12-25 04:43:24.460,12,25,1995,TL
0.7290000000000001,119.931,24.0,7.9,960,"Minahasa, Sulawesi, Indonesia",1996-01-01 08:05:10.830,1,1,1996,ID
45.324,149.892,42.6,7.2,798,Kuril Islands,1996-02-07 21:36:46.300,2,7,1996,JP
-0.8909999999999999,136.952,33.0,8.09,1007,"Biak region, Indonesia",1996-02-17 05:59:30.550,2,17,1996,ID
-9.593,-79.587,10.0,7.5,865,off the coast of northern Peru,1996-02-21 12:51:01.300,2,21,1996,PE
15.978,-98.07,21.1,7.1,776,"offshore Oaxaca, Mexico",1996-02-25 03:08:15.870,2,25,1996,MX
-24.061,-177.03599999999997,110.9,7.2,798,south of the Fiji Islands,1996-04-16 00:30:54.670,4,16,1996,TO
-6.518,154.999,44.0,7.2,798,"Bougainville region, Papua New Guinea",1996-04-29 14:40:41.090,4,29,1996,PG
10.797,-42.254,10.0,7.0,754,northern Mid-Atlantic Ridge,1996-06-02 02:52:09.550,6,2,1996,GF
51.56399999999999,-177.632,33.0,7.9,960,"Andreanof Islands, Aleutian Islands, Alaska",1996-06-10 04:03:35.480,6,10,1996,US
51.478,-176.847,26.3,7.3,820,"Andreanof Islands, Aleutian Islands, Alaska",1996-06-10 15:24:56.000,6,10,1996,US
12.614,125.154,33.0,7.1,776,"Samar, Philippines",1996-06-11 18:22:55.730,6,11,1996,PH
-7.1370000000000005,122.589,587.3,7.9,960,Flores Sea,1996-06-17 11:22:18.540,6,17,1996,ID
1.0,120.45,33.0,7.0,754,"Minahasa, Sulawesi, Indonesia",1996-07-22 14:19:35.770,7,22,1996,ID
-20.69,-178.31,550.2,7.4,842,Fiji region,1996-08-05 22:38:22.090,8,5,1996,TO
-14.993,-75.675,33.0,7.7,912,near the coast of central Peru,1996-11-12 16:59:44.030,11,12,1996,PE
18.219,-102.756,33.0,7.2,798,"Michoacan, Mexico",1997-01-11 20:28:26.020,1,11,1997,MX
-21.999,-65.719,276.2,7.1,776,"Potosi, Bolivia",1997-01-23 02:15:22.970,1,23,1997,BO
29.976,68.208,33.0,7.1,776,Pakistan,1997-02-27 21:08:02.360,2,27,1997,PK
-12.584,166.676,33.0,7.7,912,Santa Cruz Islands,1997-04-21 12:02:26.430,4,21,1997,VU
33.825,59.809,10.0,7.3,820,eastern Iran,1997-05-10 07:57:29.720,5,10,1997,IR
-32.115,179.791,332.7,7.1,776,south of the Kermadec Islands,1997-05-25 23:22:33.190,5,25,1997,NZ
10.598,-63.486,19.9,7.0,754,"Sucre, Venezuela",1997-07-09 19:24:13.170,7,9,1997,VE
-28.683000000000003,-177.62400000000005,30.0,7.0,754,Kermadec Islands region,1997-09-20 16:11:32.150,9,20,1997,TO
-22.101,-176.77200000000005,167.3,7.8,936,south of the Fiji Islands,1997-10-14 09:53:18.150,10,14,1997,TO
-30.933000000000003,-71.22,58.0,7.1,776,"Coquimbo, Chile",1997-10-15 01:03:33.460,10,15,1997,CL
-4.368,-76.681,112.0,7.2,798,northern Peru,1997-10-28 06:15:17.330,10,28,1997,PE
35.069,87.325,33.0,7.5,865,western Xizang,1997-11-08 10:02:52.610,11,8,1997,CN
-15.145,167.375,123.1,7.0,754,Vanuatu,1997-11-15 18:59:24.300,11,15,1997,VU
1.241,122.536,24.0,7.0,754,"Minahasa, Sulawesi, Indonesia",1997-11-25 12:14:33.630,11,25,1997,ID
54.841,162.035,33.0,7.8,936,"near the east coast of the Kamchatka Peninsula, Russia",1997-12-05 11:26:54.690,12,5,1997,RU
-5.495,147.86700000000005,179.3,7.2,798,"eastern New Guinea region, Papua New Guinea",1997-12-22 02:05:50.080,12,22,1997,PG
-22.301,170.91099999999997,100.6,7.5,865,southeast of the Loyalty Islands,1998-01-04 06:11:58.970,1,4,1998,NC
-23.913,-70.207,42.0,7.1,776,"Antofagasta, Chile",1998-01-30 12:16:08.690,1,30,1998,CL
-62.877,149.52700000000004,10.0,8.1,1009,Balleny Islands region,1998-03-25 03:12:25.070,3,25,1998,AU
-17.552,-179.092,537.2,7.2,798,Fiji region,1998-03-29 19:48:16.210,3,29,1998,WF
-0.544,99.261,55.7,7.0,754,"southern Sumatra, Indonesia",1998-04-01 17:56:23.360,4,1,1998,ID
22.306,125.308,33.0,7.5,865,southeast of Taiwan,1998-05-03 23:30:21.910,5,3,1998,JP
-11.04,166.16,110.2,7.0,754,Santa Cruz Islands,1998-07-16 11:56:36.420,7,16,1998,SB
-2.9610000000000003,141.92600000000004,10.0,7.0,754,"near the north coast of New Guinea, Papua New Guinea",1998-07-17 08:49:13.280,7,17,1998,PG
-0.593,-80.393,33.0,7.2,798,near the coast of Ecuador,1998-08-04 18:59:20.100,8,4,1998,EC
28.932,139.329,440.5,7.1,776,"Bonin Islands, Japan region",1998-08-20 06:40:55.820,8,20,1998,JP
-6.92,128.946,33.0,7.0,754,Banda Sea,1998-11-09 05:38:44.220,11,9,1998,TL
-2.071,124.891,33.0,7.7,912,Banda Sea,1998-11-29 14:10:31.960,11,29,1998,ID
-4.596,153.235,114.1,7.0,754,"New Ireland region, Papua New Guinea",1999-01-19 03:35:33.840,1,19,1999,PG
-12.853,166.697,90.1,7.3,820,Santa Cruz Islands,1999-02-06 21:47:59.470,2,6,1999,VU
5.397,121.937,33.0,7.1,776,"Sulu Archipelago, Philippines",1999-03-04 08:52:01.900,3,4,1999,PH
-5.591,149.56799999999996,150.0,7.4,842,"New Britain region, Papua New Guinea",1999-04-05 11:08:04.000,4,5,1999,PG
43.607,130.35,565.7,7.1,776,"Jilin-Heilongjiang border region, China",1999-04-08 13:10:34.080,4,8,1999,CN
-5.159,150.88,138.0,7.1,776,"New Britain region, Papua New Guinea",1999-05-10 20:33:02.090,5,10,1999,PG
-4.751,152.486,73.7,7.1,776,"New Britain region, Papua New Guinea",1999-05-16 00:51:20.460,5,16,1999,PG
18.386,-97.436,70.0,7.0,754,"Puebla, Mexico",1999-06-15 20:42:05.930,6,15,1999,MX
40.74800000000001,29.864,17.0,7.6,889,western Turkey,1999-08-17 00:01:39.130,8,17,1999,TR
23.772,120.982,33.0,7.7,912,Taiwan,1999-09-20 17:47:18.490,9,20,1999,TW
16.059,-96.931,60.6,7.5,865,"Oaxaca, Mexico",1999-09-30 16:31:15.690,9,30,1999,MX
34.6033333,-116.265,13.73,7.1,1576,"Hector Mine, CA Earthquake",1999-10-16 09:46:44.460,10,16,1999,US
40.758,31.161,10.0,7.2,798,western Turkey,1999-11-12 16:57:19.550,11,12,1999,TR
-1.339,88.976,10.0,7.0,754,South Indian Ocean,1999-11-15 05:42:43.220,11,15,1999,ID
-6.351,148.763,33.0,7.0,754,"New Britain region, Papua New Guinea",1999-11-19 13:56:46.450,11,19,1999,PG
-16.423,168.21400000000003,33.0,7.5,865,Vanuatu,1999-11-26 13:21:15.570,11,26,1999,VU
57.3424,-154.3469,43.6,7.0,754,"Kodiak Island region, Alaska",1999-12-06 23:12:33.537,12,6,1999,US
15.765999999999998,119.74,33.0,7.3,820,"Luzon, Philippines",1999-12-11 18:03:36.450,12,11,1999,PH
-16.925,-174.248,183.4,7.2,798,Tonga,2000-01-08 16:47:20.580,1,8,2000,TO
-19.528,173.81799999999996,33.0,7.1,776,Vanuatu region,2000-02-25 01:43:58.640,2,25,2000,FJ
22.338,143.73,126.5,7.6,889,"Volcano Islands, Japan region",2000-03-28 11:00:22.510,3,28,2000,MP
-28.307,-62.99,608.5,7.0,754,"Santiago Del Estero, Argentina",2000-04-23 09:27:23.320,4,23,2000,AR
-1.105,123.573,26.0,7.6,889,"Sulawesi, Indonesia",2000-05-04 04:21:16.210,5,4,2000,ID
-23.548,-66.452,225.0,7.2,798,"Jujuy, Argentina",2000-05-12 18:43:18.120,5,12,2000,AR
-4.721,102.087,33.0,7.9,960,"southern Sumatra, Indonesia",2000-06-04 16:28:26.170,6,4,2000,ID
-13.802,97.453,10.0,7.9,960,South Indian Ocean,2000-06-18 14:44:13.310,6,18,2000,CC
28.856,139.556,394.8,7.4,842,"Bonin Islands, Japan region",2000-08-06 07:27:12.900,8,6,2000,JP
-15.421,166.91,23.0,7.0,754,Vanuatu,2000-10-04 16:58:44.310,10,4,2000,VU
-4.766,153.945,50.0,7.0,754,"New Ireland region, Papua New Guinea",2000-10-29 08:37:08.770,10,29,2000,PG
-3.98,152.16899999999995,33.0,8.0,985,"New Ireland region, Papua New Guinea",2000-11-16 04:54:56.740,11,16,2000,PG
-5.233,153.102,30.0,7.8,936,"New Ireland region, Papua New Guinea",2000-11-16 07:42:16.930,11,16,2000,PG
-5.496,151.781,33.0,7.8,936,"New Britain region, Papua New Guinea",2000-11-17 21:01:56.490,11,17,2000,PG
39.566,54.799,30.0,7.0,754,Turkmenistan,2000-12-06 17:11:06.400,12,6,2000,TM
6.898,126.579,33.0,7.5,865,"Mindanao, Philippines",2001-01-01 06:57:04.170,1,1,2001,PH
-14.928,167.17,103.0,7.1,776,Vanuatu,2001-01-09 16:49:28.000,1,9,2001,VU
13.049,-88.66,60.0,7.7,912,offshore El Salvador,2001-01-13 17:33:32.380,1,13,2001,SV
23.419,70.232,16.0,7.7,912,"Gujarat, India",2001-01-26 03:16:40.500,1,26,2001,IN
-4.68,102.562,36.0,7.4,842,"southern Sumatra, Indonesia",2001-02-13 19:28:30.260,2,13,2001,ID
1.271,126.249,35.0,7.1,776,Molucca Sea,2001-02-24 07:23:48.730,2,24,2001,ID
-29.666,-178.63299999999995,178.1,7.2,798,"Kermadec Islands, New Zealand",2001-06-03 02:41:57.160,6,3,2001,TO
-16.265,-73.641,33.0,8.4,1086,near the coast of southern Peru,2001-06-23 20:33:14.130,6,23,2001,PE
-17.543,-72.077,33.0,7.6,889,near the coast of southern Peru,2001-07-07 09:38:43.520,7,7,2001,PE
-36.813,-179.575,33.0,7.1,776,east of the North Island of New Zealand,2001-08-21 06:52:06.250,8,21,2001,NZ
12.686,144.98,37.0,7.0,754,Guam region,2001-10-12 15:02:16.840,10,12,2001,GU
-4.102,123.907,33.0,7.5,865,Banda Sea,2001-10-19 03:28:44.460,10,19,2001,ID
-5.912000000000001,150.196,33.0,7.0,754,"New Britain region, Papua New Guinea",2001-10-31 09:10:20.000,10,31,2001,PG
35.946,90.541,10.0,7.8,936,"southern Qinghai, China",2001-11-14 09:26:10.010,11,14,2001,CN
-42.813,124.688,10.0,7.1,776,south of Australia,2001-12-12 14:02:35.040,12,12,2001,AU
-17.6,167.856,21.0,7.2,798,Vanuatu,2002-01-02 17:22:48.760,1,2,2002,VU
36.502,70.482,225.6,7.4,842,"Hindu Kush region, Afghanistan",2002-03-03 12:08:19.740,3,3,2002,AF
6.033,124.249,31.0,7.5,865,"Mindanao, Philippines",2002-03-05 21:16:09.130,3,5,2002,PH
24.279,122.179,32.8,7.1,776,Taiwan region,2002-03-31 06:52:50.490,3,31,2002,TW
13.088,144.619,85.7,7.1,776,Guam region,2002-04-26 16:06:07.000,4,26,2002,GU
43.752,130.666,566.0,7.3,820,"Jilin-Heilongjiang border region, China",2002-06-28 17:19:30.270,6,28,2002,CN
-21.696,-179.513,580.0,7.7,912,Fiji region,2002-08-19 11:01:01.190,8,19,2002,TO
-23.884,178.495,675.4,7.7,912,south of the Fiji Islands,2002-08-19 11:08:24.310,8,19,2002,FJ
-3.302,142.945,13.0,7.6,889,"near the north coast of New Guinea, Papua New Guinea",2002-09-08 18:44:23.710,9,8,2002,PG
-1.757,134.297,10.0,7.6,889,"near the north coast of Papua, Indonesia",2002-10-10 10:50:20.570,10,10,2002,ID
2.824,96.085,30.0,7.4,842,"Simeulue, Indonesia",2002-11-02 01:26:10.700,11,2,2002,ID
63.5141,-147.4529,4.2,7.9,1740,Central Alaska,2002-11-03 22:12:41.518,11,3,2002,US
47.824,146.209,459.1,7.3,820,northwest of the Kuril Islands,2002-11-17 04:53:53.540,11,17,2002,JP
-10.491,160.77,33.0,7.3,820,Solomon Islands,2003-01-20 08:43:06.070,1,20,2003,SB
18.77,-104.104,24.0,7.6,889,"offshore Colima, Mexico",2003-01-22 02:06:34.610,1,22,2003,MX
50.3298,177.5472,5.0,7.0,754,"Rat Islands, Aleutian Islands, Alaska",2003-03-17 16:36:09.856,3,17,2003,RU
51.272,177.97799999999995,33.0,7.1,776,"Rat Islands, Aleutian Islands, Alaska",2003-03-17 16:36:17.310,3,17,2003,RU
38.849,141.56799999999996,68.0,7.0,754,"near the east coast of Honshu, Japan",2003-05-26 09:24:33.400,5,26,2003,JP
2.354,128.855,31.0,7.0,754,"Halmahera, Indonesia",2003-05-26 19:23:27.940,5,26,2003,ID
-7.606,-71.722,558.1,7.1,776,"Amazonas, Brazil",2003-06-20 06:19:38.910,6,20,2003,BR
-2.5980000000000003,68.382,10.0,7.6,889,Carlsberg Ridge,2003-07-15 20:27:50.530,7,15,2003,MV
-60.532,-43.411,10.0,7.6,889,Scotia Sea,2003-08-04 04:37:20.130,8,4,2003,GS
-45.104,167.144,28.0,7.2,798,South Island of New Zealand,2003-08-21 12:12:49.790,8,21,2003,NZ
41.815,143.91,27.0,8.16,1024,"Hokkaido, Japan region",2003-09-25 19:50:06.360,9,25,2003,JP
41.774,143.593,33.0,7.4,842,"Hokkaido, Japan region",2003-09-25 21:08:00.030,9,25,2003,JP
50.038,87.81299999999997,16.0,7.3,820,"southwestern Siberia, Russia",2003-09-27 11:33:25.080,9,27,2003,RU
37.812,142.619,10.0,7.0,754,"off the east coast of Honshu, Japan",2003-10-31 01:06:28.280,10,31,2003,JP
51.146,178.65,33.0,7.8,936,"Rat Islands, Aleutian Islands, Alaska",2003-11-17 06:43:06.800,11,17,2003,RU
-22.015,169.766,10.0,7.3,820,southeast of the Loyalty Islands,2003-12-27 16:00:59.450,12,27,2003,NC
-22.253,169.683,22.0,7.1,776,southeast of the Loyalty Islands,2004-01-03 16:23:21.020,1,3,2004,NC
-3.615,135.53799999999998,16.6,7.0,754,"Papua, Indonesia",2004-02-05 21:05:02.840,2,5,2004,ID
-4.003,135.023,10.0,7.3,820,"near the south coast of Papua, Indonesia",2004-02-07 02:42:35.210,2,7,2004,ID
-17.656,-178.76,565.5,7.1,776,Fiji region,2004-07-15 04:27:14.730,7,15,2004,WF
-2.427,103.981,582.1,7.3,820,"southern Sumatra, Indonesia",2004-07-25 14:35:19.060,7,25,2004,ID
33.07,136.618,14.0,7.2,798,"near the south coast of western Honshu, Japan",2004-09-05 10:07:07.820,9,5,2004,JP
33.184,137.071,10.0,7.4,842,"near the south coast of Honshu, Japan",2004-09-05 14:57:18.610,9,5,2004,JP
11.422,-86.665,35.0,7.0,754,near the coast of Nicaragua,2004-10-09 21:26:53.690,10,9,2004,NI
-8.152000000000001,124.868,10.0,7.5,868,"Kepulauan Alor, Indonesia",2004-11-11 21:26:41.150,11,11,2004,ID
4.695,-77.508,15.0,7.2,823,near the west coast of Colombia,2004-11-15 09:06:56.560,11,15,2004,CO
-46.676,164.72099999999998,10.0,7.1,782,off the west coast of the South Island of New Zealand,2004-11-22 20:26:23.900,11,22,2004,NZ
-3.609,135.404,10.0,7.1,776,"Papua, Indonesia",2004-11-26 02:25:03.310,11,26,2004,ID
43.006,145.119,39.0,7.0,774,"Hokkaido, Japan region",2004-11-28 18:32:14.130,11,28,2004,JP
-49.312,161.345,10.0,8.1,1009,north of Macquarie Island,2004-12-23 14:59:04.410,12,23,2004,NZ
3.295,95.982,30.0,9.1,2080,2004 Sumatra - Andaman Islands Earthquake,2004-12-26 00:58:53.450,12,26,2004,ID
6.91,92.958,39.2,7.2,804,"Nicobar Islands, India region",2004-12-26 04:21:29.810,12,26,2004,ID
5.292999999999998,123.337,525.0,7.1,786,Celebes Sea,2005-02-05 12:23:18.940,2,5,2005,PH
-6.527,129.933,201.7,7.1,776,Banda Sea,2005-03-02 10:42:12.230,3,2,2005,ID
2.085,97.108,30.0,8.6,2048,"northern Sumatra, Indonesia",2005-03-28 16:09:36.530,3,28,2005,ID
-19.987,-69.197,115.6,7.8,1006,"Tarapaca, Chile",2005-06-13 22:44:33.900,6,13,2005,CL
41.292,-125.953,16.0,7.2,1318,off the coast of Northern California,2005-06-15 02:50:54.190,6,15,2005,US
7.92,92.19,16.0,7.2,808,"Nicobar Islands, India region",2005-07-24 15:42:06.210,7,24,2005,ID
38.276,142.039,36.0,7.2,1158,"near the east coast of Honshu, Japan",2005-08-16 02:46:28.400,8,16,2005,JP
-4.539,153.474,90.0,7.6,892,"New Ireland region, Papua New Guinea",2005-09-09 07:26:43.730,9,9,2005,PG
-5.678,-76.398,115.0,7.5,1120,northern Peru,2005-09-26 01:55:37.670,9,26,2005,PE
34.539,73.58800000000002,26.0,7.6,1373,Pakistan,2005-10-08 03:50:40.800,10,8,2005,PK
38.107,144.89600000000004,11.0,7.0,865,"off the east coast of Honshu, Japan",2005-11-14 21:38:51.420,11,14,2005,JP
-60.957,-21.606,13.0,7.4,842,east of the South Sandwich Islands,2006-01-02 06:10:49.760,1,2,2006,GS
-19.926,-178.178,582.9,7.2,798,Fiji region,2006-01-02 22:13:40.490,1,2,2006,TO
-5.473,128.131,397.0,7.6,937,Banda Sea,2006-01-27 16:58:53.670,1,27,2006,ID
-21.324,33.583,11.0,7.0,1001,Mozambique,2006-02-22 22:19:07.800,2,22,2006,ZW
60.949,167.08900000000003,22.0,7.6,889,"near the east coast of Koryakskiy Avtonomnyy Okrug, Russia",2006-04-20 23:25:02.150,4,20,2006,RU
-20.187,-174.123,55.0,8.0,1026,Tonga,2006-05-03 15:26:40.290,5,3,2006,TO
-31.81,-179.30700000000004,152.0,7.4,886,Kermadec Islands region,2006-05-16 10:39:23.340,5,16,2006,TO
-9.284,107.419,20.0,7.7,953,"south of Java, Indonesia",2006-07-17 08:19:26.680,7,17,2006,ID
-61.029,-34.371,13.0,7.0,754,Scotia Sea,2006-08-20 03:41:48.040,8,20,2006,GS
46.592,153.266,10.0,8.3,1062,Kuril Islands,2006-11-15 11:14:13.570,11,15,2006,RU
21.799,120.547,10.0,7.1,1107,Taiwan region,2006-12-26 12:26:21.140,12,26,2006,TW
46.243,154.524,10.0,8.1,1031,east of the Kuril Islands,2007-01-13 04:23:21.160,1,13,2007,RU
1.065,126.282,22.0,7.5,875,Molucca Sea,2007-01-21 11:27:45.060,1,21,2007,ID
-20.617,169.357,34.0,7.1,781,Vanuatu,2007-03-25 00:40:01.610,3,25,2007,VU
-8.466000000000001,157.043,24.0,8.1,1030,Solomon Islands,2007-04-01 20:39:58.710,4,1,2007,SB
-15.595,167.68,120.0,7.2,807,Vanuatu,2007-08-01 17:08:51.400,8,1,2007,VU
-5.859,107.419,280.0,7.5,865,"Java, Indonesia",2007-08-08 17:05:04.920,8,8,2007,ID
-13.386,-76.60300000000002,39.0,8.0,1623,near the coast of central Peru,2007-08-15 23:40:57.890,8,15,2007,PE
-11.61,165.762,35.0,7.2,798,Santa Cruz Islands,2007-09-02 01:05:18.150,9,2,2007,SB
-4.438,101.367,34.0,8.4,1842,"southern Sumatra, Indonesia",2007-09-12 11:10:26.830,9,12,2007,ID
-2.625,100.841,35.0,7.9,1177,"Kepulauan Mentawai region, Indonesia",2007-09-12 23:49:03.720,9,12,2007,ID
-2.13,99.627,22.0,7.0,776,"Kepulauan Mentawai region, Indonesia",2007-09-13 03:35:28.720,9,13,2007,ID
22.013,142.668,260.0,7.5,883,"Volcano Islands, Japan region",2007-09-28 13:38:57.880,9,28,2007,MP
-49.271,164.115,10.0,7.4,859,"Auckland Islands, New Zealand region",2007-09-30 05:23:34.070,9,30,2007,NZ
18.9,145.388,207.0,7.2,810,"Pagan region, Northern Mariana Islands",2007-10-31 03:30:15.960,10,31,2007,MP
-22.247,-69.89,40.0,7.7,1019,"Antofagasta, Chile",2007-11-14 15:40:50.530,11,14,2007,CL
14.944,-61.274,156.0,7.4,1512,"Martinique region, Windward Islands",2007-11-29 19:00:20.420,11,29,2007,MQ
-25.996,-177.514,152.5,7.8,961,south of the Fiji Islands,2007-12-09 07:28:20.820,12,9,2007,TO
51.36,-179.509,34.0,7.2,798,"Andreanof Islands, Aleutian Islands, Alaska",2007-12-19 09:30:27.930,12,19,2007,US
2.768,95.964,26.0,7.4,929,"Simeulue, Indonesia",2008-02-20 08:08:30.520,2,20,2008,ID
-2.486,99.972,25.0,7.2,839,"Kepulauan Mentawai region, Indonesia",2008-02-25 08:36:33.030,2,25,2008,ID
35.49,81.467,10.0,7.2,798,Xinjiang-Xizang border region,2008-03-20 22:32:57.930,3,20,2008,CN
-20.071,168.892,33.0,7.3,820,"Loyalty Islands, New Caledonia",2008-04-09 12:46:12.720,4,9,2008,VU
-55.664,158.453,16.0,7.1,776,Macquarie Island region,2008-04-12 00:30:12.600,4,12,2008,NZ
31.002,103.322,19.0,7.9,1870,"eastern Sichuan, China",2008-05-12 06:28:01.570,5,12,2008,CN
-58.227,-22.099,8.0,7.0,754,South Sandwich Islands region,2008-06-30 06:17:43.020,6,30,2008,GS
53.882,152.886,632.8,7.7,915,Sea of Okhotsk,2008-07-05 02:12:04.480,7,5,2008,RU
37.552,142.214,22.0,7.0,846,"off the east coast of Honshu, Japan",2008-07-19 02:39:28.700,7,19,2008,JP
-29.756,-177.683,36.0,7.0,754,"Kermadec Islands, New Zealand",2008-09-29 15:19:31.590,9,29,2008,TO
1.271,122.091,30.0,7.4,845,"Minahasa, Sulawesi, Indonesia",2008-11-16 17:02:32.700,11,16,2008,ID
54.203,154.322,492.3,7.3,822,Sea of Okhotsk,2008-11-24 09:02:58.760,11,24,2008,RU
-0.414,132.885,17.0,7.7,914,"near the north coast of Papua, Indonesia",2009-01-03 19:43:50.650,1,3,2009,ID
-0.691,133.305,23.0,7.4,845,"near the north coast of Papua, Indonesia",2009-01-03 22:33:40.290,1,3,2009,ID
46.857,155.154,36.0,7.4,845,east of the Kuril Islands,2009-01-15 17:49:39.070,1,15,2009,RU
3.886,126.387,20.0,7.2,799,"Kepulauan Talaud, Indonesia",2009-02-11 17:34:50.490,2,11,2009,ID
-27.424,-176.33,25.0,7.0,754,Kermadec Islands region,2009-02-18 21:53:45.160,2,18,2009,TO
-23.043000000000006,-174.66,31.0,7.6,902,Tonga region,2009-03-19 18:17:40.470,3,19,2009,TO
16.730999999999998,-86.21700000000001,19.0,7.3,1560,offshore Honduras,2009-05-28 08:24:46.560,5,28,2009,HN
-45.762,166.562,12.0,7.8,1157,off the west coast of the South Island of New Zealand,2009-07-15 09:22:29.030,7,15,2009,NZ
33.167,137.944,292.0,7.1,979,"near the south coast of Honshu, Japan",2009-08-09 10:55:55.110,8,9,2009,JP
14.099,92.902,24.0,7.5,1147,"Andaman Islands, India region",2009-08-10 19:55:38.730,8,10,2009,IN
-7.782,107.297,46.0,7.0,1152,"Java, Indonesia",2009-09-02 07:55:01.050,9,2,2009,ID
-15.489,-172.095,18.0,8.1,1040,Samoa Islands region,2009-09-29 17:48:10.990,9,29,2009,WS
-0.72,99.867,81.0,7.6,1639,"southern Sumatra, Indonesia",2009-09-30 10:16:09.250,9,30,2009,ID
-13.005999999999998,166.51,45.0,7.7,915,Vanuatu,2009-10-07 22:03:14.470,10,7,2009,VU
-12.517,166.382,35.0,7.8,936,Santa Cruz Islands,2009-10-07 22:18:51.240,10,7,2009,VU
-13.093,166.497,31.1,7.4,842,Vanuatu,2009-10-07 23:13:48.160,10,7,2009,VU
-17.239,178.331,595.0,7.3,820,Fiji,2009-11-09 10:44:55.110,11,9,2009,FJ
-8.783,157.35399999999996,10.0,7.1,778,Solomon Islands,2010-01-03 22:36:25.640,1,3,2010,SB
18.443,-72.571,13.0,7.0,1638,Haiti region,2010-01-12 21:53:10.060,1,12,2010,HT
25.93,128.425,25.0,7.0,1163,"Ryukyu Islands, Japan",2010-02-26 20:31:26.970,2,26,2010,JP
-36.122,-72.898,22.9,8.8,1991,"offshore Bio-Bio, Chile",2010-02-27 06:34:11.530,2,27,2010,CL
-37.773,-75.048,35.0,7.4,842,"off the coast of Bio-Bio, Chile",2010-02-27 08:01:23.010,2,27,2010,CL
-34.326,-71.79899999999998,18.0,7.0,802,"Libertador General Bernardo O'Higgins, Chile",2010-03-11 14:55:27.510,3,11,2010,CL
32.2861667,-115.29533329999998,9.987,7.2,2910,"12km SW of Delta, B.C., MX",2010-04-04 22:40:42.360,4,4,2010,MX
2.383,97.048,31.0,7.8,936,"northern Sumatra, Indonesia",2010-04-06 22:15:01.580,4,6,2010,ID
3.748,96.018,38.0,7.2,919,"northern Sumatra, Indonesia",2010-05-09 05:59:41.620,5,9,2010,ID
-13.698,166.643,31.0,7.2,803,Vanuatu,2010-05-27 17:14:46.570,5,27,2010,VU
7.881,91.936,35.0,7.5,1138,"Nicobar Islands, India region",2010-06-12 19:26:50.460,6,12,2010,IN
-2.174,136.543,18.0,7.0,755,"near the north coast of Papua, Indonesia",2010-06-16 03:16:27.550,6,16,2010,ID
-5.931,150.59,35.0,7.3,829,"New Britain region, Papua New Guinea",2010-07-18 13:34:59.360,7,18,2010,PG
6.718,123.409,607.1,7.3,827,"Moro Gulf, Mindanao, Philippines",2010-07-23 22:08:11.250,7,23,2010,PH
6.497000000000001,123.48,578.0,7.6,901,"Moro Gulf, Mindanao, Philippines",2010-07-23 22:51:11.840,7,23,2010,PH
6.776,123.259,640.6,7.5,875,"Moro Gulf, Mindanao, Philippines",2010-07-23 23:15:10.190,7,23,2010,PH
-5.746,150.765,44.0,7.0,756,"New Britain region, Papua New Guinea",2010-08-04 22:01:43.620,8,4,2010,PG
-17.541,168.06900000000005,25.0,7.3,841,Vanuatu,2010-08-10 05:23:44.980,8,10,2010,VU
-1.266,-77.306,206.7,7.1,932,Ecuador,2010-08-12 11:54:15.580,8,12,2010,EC
-43.522,171.83,12.0,7.0,1230,South Island of New Zealand,2010-09-03 16:35:47.770,9,3,2010,NZ
-4.963,133.76,26.0,7.0,771,"near the south coast of Papua, Indonesia",2010-09-29 17:11:25.940,9,29,2010,ID
-3.487,100.082,20.1,7.8,944,"Kepulauan Mentawai region, Indonesia",2010-10-25 14:42:22.460,10,25,2010,ID
26.901,143.69799999999995,14.0,7.4,849,"Bonin Islands, Japan region",2010-12-21 17:19:40.660,12,21,2010,JP
-19.702,167.947,16.0,7.3,820,Vanuatu region,2010-12-25 13:16:37.000,12,25,2010,VU
-26.803,-63.136,576.8,7.0,754,"Santiago Del Estero, Argentina",2011-01-01 09:56:58.120,1,1,2011,AR
-38.355,-73.32600000000002,24.0,7.2,817,"Araucania, Chile",2011-01-02 20:20:17.780,1,2,2011,CL
-20.628,168.47099999999998,9.0,7.0,755,"Loyalty Islands, New Caledonia",2011-01-13 16:16:41.540,1,13,2011,NC
28.777,63.951,68.0,7.2,1419,southwestern Pakistan,2011-01-18 20:23:23.480,1,18,2011,PK
38.435,142.842,32.0,7.3,958,"near the east coast of Honshu, Japan",2011-03-09 02:45:20.330,3,9,2011,JP
38.297,142.373,29.0,9.1,2184,"2011 Great Tohoku Earthquake, Japan",2011-03-11 05:46:24.120,3,11,2011,JP
36.281,141.111,42.6,7.9,1102,"near the east coast of Honshu, Japan",2011-03-11 06:15:40.280,3,11,2011,JP
38.058,144.59,18.6,7.7,927,"off the east coast of Honshu, Japan",2011-03-11 06:25:50.300,3,11,2011,JP
38.276,141.588,42.0,7.1,1032,"near the east coast of Honshu, Japan",2011-04-07 14:32:43.290,4,7,2011,JP
52.05,-171.83599999999996,52.0,7.3,829,"Fox Islands, Aleutian Islands, Alaska",2011-06-24 03:09:39.470,6,24,2011,US
-29.539,-176.34,17.0,7.6,892,Kermadec Islands region,2011-07-06 19:03:18.260,7,6,2011,TO
38.034,143.264,23.0,7.0,857,"off the east coast of Honshu, Japan",2011-07-10 00:57:10.800,7,10,2011,JP
-18.365,168.143,32.0,7.2,813,Vanuatu,2011-08-20 16:55:02.810,8,20,2011,VU
-18.311,168.218,28.0,7.1,787,Vanuatu,2011-08-20 18:19:23.550,8,20,2011,VU
-7.641,-74.525,147.0,7.0,913,northern Peru,2011-08-24 17:46:11.650,8,24,2011,PE
-20.671,169.71599999999995,185.1,7.0,761,Vanuatu,2011-09-03 22:55:40.920,9,3,2011,VU
-21.611,-179.528,644.6,7.3,822,Fiji region,2011-09-15 19:31:04.080,9,15,2011,TO
-28.993,-176.238,33.0,7.4,845,Kermadec Islands region,2011-10-21 17:57:16.100,10,21,2011,TO
38.721,43.508,18.0,7.1,1096,eastern Turkey,2011-10-23 10:41:23.250,10,23,2011,TR
-7.551,146.809,135.0,7.1,834,"eastern New Guinea region, Papua New Guinea",2011-12-14 05:04:58.630,12,14,2011,PG
2.4330000000000003,93.21,19.0,7.2,838,off the west coast of northern Sumatra,2012-01-10 18:36:59.080,1,10,2012,ID
-17.827,167.13299999999995,23.0,7.1,793,Vanuatu,2012-02-02 13:34:40.650,2,2,2012,VU
16.493,-98.231,20.0,7.4,1752,"Oaxaca, Mexico",2012-03-20 18:02:47.440,3,20,2012,MX
-35.2,-72.217,40.7,7.1,1496,"Maule, Chile",2012-03-25 22:37:06.000,3,25,2012,CL
2.327,93.063,20.0,8.6,2048,off the west coast of northern Sumatra,2012-04-11 08:38:36.720,4,11,2012,ID
0.802,92.463,25.1,8.2,1213,off the west coast of northern Sumatra,2012-04-11 10:43:10.850,4,11,2012,ID
28.696,-113.104,13.0,7.0,1000,"Baja California, Mexico",2012-04-12 07:15:48.500,4,12,2012,MX
49.8,145.064,583.2,7.7,941,Sea of Okhotsk,2012-08-14 02:59:38.460,8,14,2012,RU
12.139,-88.59,28.0,7.3,994,off the coast of El Salvador,2012-08-27 04:37:19.430,8,27,2012,SV
10.811,126.638,28.0,7.6,1115,Philippine Islands region,2012-08-31 12:47:33.380,8,31,2012,PH
10.085,-85.315,35.0,7.6,1555,Costa Rica,2012-09-05 14:42:07.800,9,5,2012,CR
1.929,-76.362,170.0,7.3,1221,Colombia,2012-09-30 16:31:35.970,9,30,2012,CO
52.788,-132.101,14.0,7.8,1726,"Haida Gwaii, Canada",2012-10-28 03:04:08.820,10,28,2012,CA
13.988,-91.895,24.0,7.4,1455,offshore Guatemala,2012-11-07 16:35:46.930,11,7,2012,GT
37.89,143.94899999999996,31.0,7.3,1014,"off the east coast of Honshu, Japan",2012-12-07 08:18:23.130,12,7,2012,JP
-6.533,129.825,155.0,7.1,843,Banda Sea,2012-12-10 16:53:08.770,12,10,2012,ID
55.228,-134.8591,8.7,7.5,1425,Southeastern Alaska,2013-01-05 08:58:14.957,1,5,2013,US
-10.799,165.114,24.0,8.0,991,"76km W of Lata, Solomon Islands",2013-02-06 01:12:25.830,2,6,2013,SB
-11.183,164.882,10.0,7.1,776,"114km WSW of Lata, Solomon Islands",2013-02-06 01:23:19.760,2,6,2013,SB
-10.499,165.588,8.8,7.0,754,"27km NNW of Lata, Solomon Islands",2013-02-06 01:54:14.610,2,6,2013,SB
-10.928,166.018,21.0,7.1,779,"31km SE of Lata, Solomon Islands",2013-02-08 15:26:38.470,2,8,2013,SB
-3.517,138.476,66.0,7.0,755,"240km E of Enarotali, Indonesia",2013-04-06 04:42:35.860,4,6,2013,ID
28.033,61.996,80.0,7.7,1593,"83km E of Khash, Iran",2013-04-16 10:44:20.180,4,16,2013,IR
46.221,150.78799999999995,110.0,7.2,803,"251km ENE of Kuril'sk, Russia",2013-04-19 03:05:52.650,4,19,2013,JP
-23.009,-177.232,173.7,7.4,842,"282km SW of Vaini, Tonga",2013-05-23 17:19:04.750,5,23,2013,TO
54.892,153.221,598.1,8.3,1121,Sea of Okhotsk,2013-05-24 05:44:48.980,5,24,2013,RU
-3.917,153.92700000000005,385.5,7.3,820,"115km ENE of Taron, Papua New Guinea",2013-07-07 18:35:30.740,7,7,2013,PG
-60.857,-25.07,11.0,7.3,820,"218km SSE of Bristol Island, South Sandwich Islands",2013-07-15 14:03:39.880,7,15,2013,GS
51.537,-175.2297,29.0,7.0,757,"101km SW of Atka, Alaska",2013-08-30 16:25:02.300,8,30,2013,US
26.951,65.5009,15.0,7.7,2029,"61km NNE of Awaran, Pakistan",2013-09-24 11:29:47.970,9,24,2013,PK
-15.8385,-74.5112,40.0,7.1,866,"46km SSE of Acari, Peru",2013-09-25 16:42:43.170,9,25,2013,PE
9.8796,124.1167,19.04,7.1,1170,"4km SE of Sagbayan, Philippines",2013-10-15 00:12:32.050,10,15,2013,PH
37.1557,144.6611,35.0,7.1,894,"Off the east coast of Honshu, Japan",2013-10-25 17:10:19.710,10,25,2013,JP
-60.2738,-46.4011,10.0,7.7,912,Scotia Sea,2013-11-17 09:04:55.530,11,17,2013,GS
-53.9451,-55.0033,11.78,7.0,754,Falkland Islands region,2013-11-25 06:27:33.300,11,25,2013,FK
-19.6097,-70.7691,25.0,8.2,1348,"94km NW of Iquique, Chile",2014-04-01 23:46:47.260,4,1,2014,CL
-20.5709,-70.4931,22.4,7.7,1026,"53km SW of Iquique, Chile",2014-04-03 02:43:13.110,4,3,2014,CL
-6.5858,155.0485,60.53,7.1,776,"56km WSW of Panguna, Papua New Guinea",2014-04-11 07:07:23.130,4,11,2014,PG
-11.2701,162.1481,22.56,7.6,889,"93km SSE of Kirakira, Solomon Islands",2014-04-12 20:14:39.300,4,12,2014,SB
-11.4633,162.0511,39.0,7.4,842,"112km S of Kirakira, Solomon Islands",2014-04-13 12:36:19.230,4,13,2014,SB
17.397000000000002,-100.9723,24.0,7.2,1187,"33km ESE of Petatlan, Mexico",2014-04-18 14:27:24.920,4,18,2014,MX
-6.7547,155.0241,43.37,7.5,865,"70km SW of Panguna, Papua New Guinea",2014-04-19 13:28:00.810,4,19,2014,PG
51.8486,178.7352,109.0,7.9,962,"19km SE of Little Sitkin Island, Alaska",2014-06-23 20:53:09.700,6,23,2014,RU
-32.1082,-110.8112,16.54,7.0,754,Southern East Pacific Rise,2014-10-09 02:14:31.440,10,9,2014,CL
12.5262,-88.1225,40.0,7.3,1132,"74km S of Intipuca, El Salvador",2014-10-14 03:51:34.460,10,14,2014,SV
-19.6903,-177.7587,434.0,7.1,776,"144km NE of Ndoi Island, Fiji",2014-11-01 18:57:22.380,11,1,2014,TO
1.8929,126.5217,45.0,7.1,781,"154km NW of Kota Ternate, Indonesia",2014-11-15 02:31:41.720,11,15,2014,ID
52.6487,-31.9016,16.68,7.1,776,Northern Mid-Atlantic Ridge,2015-02-13 18:59:12.230,2,13,2015,PT
-7.2968,122.5348,552.06,7.0,760,"130km N of Nebe, Indonesia",2015-02-27 13:45:05.370,2,27,2015,ID
-4.7294,152.5623,41.0,7.5,873,"53km SE of Kokopo, Papua New Guinea",2015-03-29 23:48:31.010,3,29,2015,PG
28.2305,84.7314,8.22,7.8,2820,"36km E of Khudi, Nepal",2015-04-25 06:11:25.950,4,25,2015,NP
-5.4624,151.8751,55.0,7.5,869,"130km SSW of Kokopo, Papua New Guinea",2015-05-05 01:44:06.380,5,5,2015,PG
-7.2175,154.5567,10.0,7.1,776,"143km SW of Panguna, Papua New Guinea",2015-05-07 07:10:19.590,5,7,2015,PG
27.8087,86.0655,15.0,7.3,1770,"19km SE of Kodari, Nepal",2015-05-12 07:05:19.730,5,12,2015,NP
27.8386,140.4931,664.0,7.8,1165,"189km WNW of Chichi-shima, Japan",2015-05-30 11:23:02.110,5,30,2015,JP
-35.3639,-17.1605,10.0,7.0,754,Southern Mid-Atlantic Ridge,2015-06-17 12:51:32.790,6,17,2015,SH
-10.4012,165.1409,11.0,7.0,759,"83km WNW of Lata, Solomon Islands",2015-07-18 02:27:33.820,7,18,2015,SB
-2.6286,138.5277,48.0,7.0,756,"228km W of Abepura, Indonesia",2015-07-27 21:41:21.710,7,27,2015,ID
-31.5729,-71.6744,22.44,8.3,1960,"48km W of Illapel, Chile",2015-09-16 22:54:32.860,9,16,2015,CL
-31.5622,-71.4262,28.41,7.0,801,"25km WNW of Illapel, Chile",2015-09-16 23:18:41.850,9,16,2015,CL
-14.8595,167.3028,135.0,7.1,780,"34km NE of Port-Olry, Vanuatu",2015-10-20 21:52:02.560,10,20,2015,VU
36.5244,70.3676,231.0,7.5,1589,"45km E of Farkhar, Afghanistan",2015-10-26 09:09:42.560,10,26,2015,AF
-10.5372,-70.9437,606.21,7.6,956,"173km WNW of Iberia, Peru",2015-11-24 22:45:38.880,11,24,2015,PE
-10.0598,-71.0184,620.56,7.6,896,"211km S of Tarauaca, Brazil",2015-11-24 22:50:54.370,11,24,2015,PE
-47.6165,85.0913,35.0,7.1,776,Southeast Indian Ridge,2015-12-04 22:25:00.110,12,4,2015,TF
38.2107,72.7797,22.0,7.2,831,"104km W of Murghob, Tajikistan",2015-12-07 07:50:05.950,12,7,2015,TJ
59.6204,-153.3392,125.6,7.1,1496,"86km E of Old Iliamna, Alaska",2016-01-24 10:30:29.557,1,24,2016,US
53.9776,158.5463,177.0,7.2,799,"88km N of Yelizovo, Russia",2016-01-30 03:25:12.220,1,30,2016,RU
-4.9521,94.3299,24.0,7.8,947,"Southwest of Sumatra, Indonesia",2016-03-02 12:49:48.110,3,2,2016,ID
32.7906,130.7543,10.0,7.0,2068,"1km E of Kumamoto-shi, Japan",2016-04-15 16:25:06.220,4,15,2016,JP
0.3819,-79.9218,20.59,7.8,1186,"27km SSE of Muisne, Ecuador",2016-04-16 23:58:36.980,4,16,2016,EC
-16.0429,167.3786,24.0,7.0,755,"2km N of Norsup, Vanuatu",2016-04-28 19:33:24.070,4,28,2016,VU
-56.2409,-26.9353,78.0,7.2,798,"53km NNE of Visokoi Island, South Georgia and the South Sandwich Islands",2016-05-28 09:46:59.780,5,28,2016,GS
18.5429,145.5073,196.0,7.7,971,"29km SW of Agrihan, Northern Mariana Islands",2016-07-29 21:18:24.740,7,29,2016,MP
-22.4765,173.1167,16.37,7.2,799,"110km E of Ile Hunter, New Caledonia",2016-08-12 01:26:36.280,8,12,2016,VU
-55.2852,-31.8766,10.0,7.4,843,South Georgia Island region,2016-08-19 07:32:22.710,8,19,2016,GS
-0.0456,-17.8255,10.0,7.1,778,North of Ascension Island,2016-08-29 04:29:57.860,8,29,2016,SH
-37.3586,179.1461,19.0,7.0,897,"175km NE of Gisborne, New Zealand",2016-09-01 16:37:57.300,9,1,2016,NZ
-42.7373,173.054,15.11,7.8,1647,"54km NNE of Amberley, New Zealand",2016-11-13 11:02:56.340,11,13,2016,NZ
-10.6812,161.3273,40.0,7.8,961,"69km WSW of Kirakira, Solomon Islands",2016-12-08 17:38:46.280,12,8,2016,SB
-4.5049,153.5216,94.54,7.9,973,"54km E of Taron, Papua New Guinea",2016-12-17 10:51:10.500,12,17,2016,PG
-43.4064,-73.9413,38.0,7.6,1123,"41km SW of Puerto Quellon, Chile",2016-12-25 14:22:27.010,12,25,2016,CL
4.4782,122.6171,627.17,7.3,849,"189km SSE of Tabiauan, Philippines",2017-01-10 06:13:48.140,1,10,2017,PH
-6.2464,155.1718,135.0,7.9,987,"35km WNW of Panguna, Papua New Guinea",2017-01-22 04:30:22.960,1,22,2017,PG
54.4434,168.857,10.0,7.7,914,"202km ESE of Nikol'skoye, Russia",2017-07-17 23:34:13.740,7,17,2017,RU
15.0222,-93.8993,47.39,8.2,2910,"101km SSW of Tres Picos, Mexico",2017-09-08 04:49:19.180,9,8,2017,MX
18.5499,-98.4887,48.0,7.1,1686,"1km E of Ayutla, Mexico",2017-09-19 18:14:38.090,9,19,2017,MX
34.9109,45.9592,19.0,7.3,2790,"29km S of Halabjah, Iraq",2017-11-12 18:18:17.180,11,12,2017,IR
-21.3246,168.6715,10.0,7.0,771,"85km ENE of Tadine, New Caledonia",2017-11-19 22:43:29.250,11,19,2017,NC
17.4825,-83.52,19.0,7.5,1695,"44km E of Great Swan Island, Honduras",2018-01-10 02:51:33.290,1,10,2018,HN
-15.7675,-74.7092,39.0,7.1,1071,"38km SSW of Acari, Peru",2018-01-14 09:18:45.540,1,14,2018,PE
56.0039,-149.1658,14.06,7.9,1870,"280km SE of Kodiak, Alaska",2018-01-23 09:31:40.890,1,23,2018,US
16.3855,-97.9787,22.0,7.2,1418,"3km S of San Pedro Jicayan, Mexico",2018-02-16 23:39:39.280,2,16,2018,MX
-6.0699,142.7536,25.21,7.5,943,"83km SW of Porgera, Papua New Guinea",2018-02-25 17:44:44.140,2,25,2018,PG
-18.1125,-178.153,600.0,8.2,1045,"286km NNE of Ndoi Island, Fiji",2018-08-19 00:19:40.670,8,19,2018,WF
10.7731,-62.9019,146.82,7.3,1580,"24km ENE of Rio Caribe, Venezuela",2018-08-21 21:31:47.600,8,21,2018,VE
-11.0355,-70.8284,630.0,7.1,776,"140km WNW of Iberia, Peru",2018-08-24 09:04:08.250,8,24,2018,PE
-22.0295,170.1262,21.43,7.1,776,"202km WNW of Ile Hunter, New Caledonia",2018-08-29 03:51:56.100,8,29,2018,NC
-18.4743,179.3502,670.81,7.9,978,"102km ESE of Suva, Fiji",2018-09-06 15:49:18.710,9,6,2018,FJ
-0.2559,119.8462,20.0,7.5,2029,"70km N of Palu, Indonesia",2018-09-28 10:02:45.250,9,28,2018,ID
-5.7012,151.2046,39.0,7.0,758,"118km E of Kimbe, Papua New Guinea",2018-10-10 20:48:20.100,10,10,2018,PG
61.3464,-149.9552,46.7,7.1,1760,"14km NNW of Anchorage, Alaska",2018-11-30 17:29:29.330,11,30,2018,US
-21.9496,169.4266,10.0,7.5,871,"165km ESE of Tadine, New Caledonia",2018-12-05 04:18:08.420,12,5,2018,NC
-58.5446,-26.3856,133.0,7.1,776,"54km N of Bristol Island, South Sandwich Islands",2018-12-11 02:26:29.420,12,11,2018,GS
55.0999,164.6993,16.56,7.3,822,"83km W of Nikol'skoye, Russia",2018-12-20 17:01:55.150,12,20,2018,RU
5.8983,126.9209,60.21,7.0,820,"96km ESE of Pondaguitan, Philippines",2018-12-29 03:39:09.740,12,29,2018,PH
-2.1862,-77.0505,145.0,7.5,1145,"111km ESE of Palora, Ecuador",2019-02-22 10:17:23.770,2,22,2019,EC
-14.7131,-70.1546,267.0,7.0,935,"23km NNE of Azangaro, Peru",2019-03-01 08:50:42.591,3,1,2019,PE
-6.9746,146.4494,146.0,7.1,826,"33km NW of Bulolo, Papua New Guinea",2019-05-06 21:19:37.983,5,6,2019,PG
-4.051,152.5967,10.0,7.6,929,"46km SSE of Namatanai, Papua New Guinea",2019-05-14 12:58:25.939,5,14,2019,PG
-5.8119,-75.2697,122.57,8.0,1890,"78km SE of Lagunas, Peru",2019-05-26 07:41:15.073,5,26,2019,PE
-30.6441,-178.0995,46.0,7.3,830,"116km NE of L'Esperance Rock, New Zealand",2019-06-15 22:55:04.130,6,15,2019,TO
-6.4078,129.1692,212.0,7.3,952,"292km NW of Saumlaki, Indonesia",2019-06-24 02:53:39.830,6,24,2019,ID
35.7695,-117.59933329999998,8.0,7.1,1596,2019 Ridgecrest Earthquake Sequence,2019-07-06 03:19:53.040,7,6,2019,US
-0.5858,128.034,18.98,7.2,809,"93km NNE of Laiwui, Indonesia",2019-07-14 09:10:51.523,7,14,2019,ID
1.6213,126.4156,33.0,7.1,799,"138km E of Bitung, Indonesia",2019-11-14 16:17:40.578,11,14,2019,ID
19.4193,-78.756,14.86,7.7,1812,"123km NNW of Lucea, Jamaica",2020-01-28 19:10:24.918,1,28,2020,JM
45.6161,148.959,143.0,7.0,770,"94km ENE of Kuril'sk, Russia",2020-02-13 10:33:44.406,2,13,2020,JP
48.9638,157.6955,57.8,7.5,881,"221km SSE of Severo-Kuril'sk, Russia",2020-03-25 02:49:21.160,3,25,2020,RU
-33.2927,-177.8571,10.0,7.4,873,south of the Kermadec Islands,2020-06-18 12:49:53.844,6,18,2020,NZ
15.8861,-96.0077,20.0,7.4,1635,"9 km SE of Santa Mara Xadani, Mexico",2020-06-23 15:29:04.350,6,23,2020,MX
-7.836,147.7704,73.0,7.0,820,"114 km NNW of Popondetta, Papua New Guinea",2020-07-17 02:50:22.178,7,17,2020,PG
55.0715,-158.596,28.0,7.8,1150,"99 km SSE of Perryville, Alaska",2020-07-22 06:12:44.810,7,22,2020,US
54.5957,-159.6219,29.13,7.6,1164,"99 km SE of Sand Point, Alaska",2020-10-19 20:54:39.006,10,19,2020,US
37.9125,26.779,21.0,7.0,1667,"14 km NNE of Non Karlovsion, Greece",2020-10-30 11:51:27.365,10,30,2020,GR
